{
  "context": {
    "domain": "ONDC:NTS10",
    "country": "IND",
    "city": "std:080",
    "action": "on_receiver_recon",
    "core_version": "1.0.0",
    "bap_id": "buyer-app-preprod-v2.ondc.org",
    "bap_uri": "https://buyer-app-preprod-v2.ondc.org/protocol/v1",
    "bpp_id": "krsigramaa.staging.zopsmart.com/ondc",
    "bpp_uri": "https://krsigramaa.staging.zopsmart.com/ondc",
    "transaction_id": "ae9c10d0-9e81-4eb6-be3a-a583c3d1bb08",
    "message_id": "a7b6d8e1-3f2a-4cb0-9c25-8d7e0f1a2b4c",
    "timestamp": "2023-12-05T11:59:59.472Z",
    "ttl": "P2D"
  },
  "message": {
    "orderbook": {
      "orders": [
        {
          "id": "2023-12-05-410011",
          "invoice_no": "2023/ABC/78901-2",
          "collector_app_id": "buyer-app-preprod-v2.ondc.org",
          "receiver_app_id": "krsigramaa.staging.zopsmart.com/ondc",
          "order_recon_status": "02",
          "transaction_id": "ae9c10d0-9e81-4eb6-be3a-a583c3d1bb08",
          "settlement_id": "MiCpAf3uLkNQVB",
          "settlement_reference_no": "XbRpZa9uLiFKQW",
          "counterparty_recon_status": "01",
          "counterparty_diff_amount": {
            "value": "0",
            "currency": "INR"
          },
          "state": "Completed",
          "message": {
            "code": "Equal amount",
            "name": "equal"
          }
        },
        {
          "id": "2023-12-05-570077",
          "invoice_no": "2023/ABC/78902-2",
          "collector_app_id": "buyer-app-preprod-v2.ondc.org",
          "receiver_app_id": "krsigramaa.staging.zopsmart.com/ondc",
          "order_recon_status": "02",
          "transaction_id": "ae9c10d0-9e81-4eb6-be3a-a583c3d1bb08",
          "settlement_id": "UjFsBg2vLhIKTY",
          "settlement_reference_no": "YcSqAb8vMjGLRX",
          "counterparty_recon_status": "01",
          "counterparty_diff_amount": {
            "value": "0",
            "currency": "INR"
          },
          "state": "Completed",
          "message": {
            "code": "Equal amount",
            "name": "equal"
          }
        },
        {
          "id": "2023-12-05-229526",
          "invoice_no": "2023/ABC/78903-2",
          "collector_app_id": "buyer-app-preprod-v2.ondc.org",
          "receiver_app_id": "krsigramaa.staging.zopsmart.com/ondc",
          "order_recon_status": "02",
          "transaction_id": "ae9c10d0-9e81-4eb6-be3a-a583c3d1bb08",
          "settlement_id": "HkRlBh1ySoZNUX",
          "settlement_reference_no": "ZdTrBc7wNkHMPS",
          "counterparty_recon_status": "01",
          "counterparty_diff_amount": {
            "value": "0",
            "currency": "INR"
          },
          "state": "Completed",
          "message": {
            "code": "Equal amount",
            "name": "equal"
          }
        },
        {
          "id": "2023-12-05-596126",
          "invoice_no": "2023/ABC/78904-2",
          "collector_app_id": "buyer-app-preprod-v2.ondc.org",
          "receiver_app_id": "krsigramaa.staging.zopsmart.com/ondc",
          "order_recon_status": "02",
          "transaction_id": "ae9c10d0-9e81-4eb6-be3a-a583c3d1bb08",
          "settlement_id": "VdPqCi0uXeWLyZ",
          "settlement_reference_no": "LeYiPq6zFoJUVX",
          "counterparty_recon_status": "01",
          "counterparty_diff_amount": {
            "value": "0",
            "currency": "INR"
          },
          "state": "Completed",
          "message": {
            "code": "Equal amount",
            "name": "equal"
          }
        },
        {
          "id": "2023-12-05-607469",
          "invoice_no": "2023/ABC/78905-2",
          "collector_app_id": "buyer-app-preprod-v2.ondc.org",
          "receiver_app_id": "krsigramaa.staging.zopsmart.com/ondc",
          "order_recon_status": "02",
          "transaction_id": "ae9c10d0-9e81-4eb6-be3a-a583c3d1bb08",
          "settlement_id": "LoWnBk9vQiFAXZ",
          "settlement_reference_no": "GfWmAd5xRnKPQZ",
          "counterparty_recon_status": "01",
          "counterparty_diff_amount": {
            "value": "0",
            "currency": "INR"
          },
          "state": "Completed",
          "message": {
            "code": "Equal amount",
            "name": "equal"
          }
        }
      ]
    }
  }
}