{
  "context": {
    "bpp_uri": "https://dakshdepa.sumasoft.com",
    "bpp_id": "dakshdepa.sumasoft.com",
    "domain": "ONDC:RET10",
    "action": "init",
    "country": "IND",
    "city": "std:011",
    "core_version": "1.2.0",
    "bap_uri": "https://dev.workerunionsupport.com/api/ondc",
    "bap_id": "dev.workerunionsupport.com/api/ondc",
    "transaction_id": "Tran20241121130444230c5ee82e8",
    "message_id": "Msg20240821152120233911e3c8b",
    "timestamp": "2024-11-21T07:35:09.882730Z",
    "ttl": "PT30S"
  },
  "message": {
    "order": {
      "provider": {
        "id": "ae27ede3-7162-47b2-8449-bd3bcf77f8b4",
        "locations": [
          {
            "id": "66c596b315df298ac761f51e"
          }
        ]
      },
      "items": [
        {
          "id": "8c07bfa6-d758-4c3c-8c73-cb3edc674d35",
          "fulfillment_id": "Fulfillment1",
          "quantity": {
            "count": 1
          },
          "tags": [
            {
              "code": "type",
              "list": [
                {
                  "code": "type",
                  "value": "item"
                }
              ]
            }
          ]
        }
      ],
      "billing": {
        "name": "",
        "address": {
          "name": "My House 123",
          "building": "My building name",
          "locality": "My Street name",
          "city": "Delhi",
          "state": "Delhi",
          "country": "IND",
          "area_code": "110056"
        },
        "email": "test@gmail.com",
        "phone": "7775002363",
        "created_at": "2024-11-21T07:34:44.230Z",
        "updated_at": "2024-11-21T07:34:44.230Z"
      },
      "fulfillments": [
        {
          "id": "f1",
          "type": "Delivery",
          "end": {
            "location": {
              "gps": "30.750455700395456,76.64175219098999",
              "address": {
                "name": "My House 123",
                "building": "My building name",
                "locality": "My Street name",
                "city": "Delhi",
                "state": "Delhi",
                "country": "IND",
                "area_code": "110056"
              }
            },
            "contact": {
              "phone": "8840150565"
            }
          }
        }
      ]
    }
  }
}