{
  "context": {
    "bpp_uri": "https://dakshdepa.sumasoft.com",
    "bpp_id": "dakshdepa.sumasoft.com",
    "domain": "ONDC:RET10",
    "action": "on_select",
    "country": "IND",
    "city": "std:011",
    "core_version": "1.2.0",
    "bap_uri": "https://dev.workerunionsupport.com/api/ondc",
    "bap_id": "dev.workerunionsupport.com/api/ondc",
    "transaction_id": "Tran20241121130444230c5ee82e8",
    "message_id": "Msg20240821152120233911e3c8b",
    "timestamp": "2024-11-21T07:34:59.868Z",
    "ttl": "PT30S"
  },
  "message": {
    "order": {
      "provider": {
        "id": "ae27ede3-7162-47b2-8449-bd3bcf77f8b4",
        "locations": [
          {
            "id": "66c596b315df298ac761f51e"
          }
        ]
      },
      "fulfillments": [
        {
          "id": "Fulfillment1",
          "@ondc/org/provider_name": "Suma Grocery",
          "tracking": false,
          "type": "Delivery",
          "@ondc/org/category": "Standard Delivery",
          "@ondc/org/TAT": "PT48H",
          "state": {
            "descriptor": {
              "code": "Serviceable"
            }
          }
        }
      ],
      "quote": {
        "price": {
          "value": "59",
          "currency": "INR"
        },
        "breakup": [
          {
            "@ondc/org/item_id": "8c07bfa6-d758-4c3c-8c73-cb3edc674d35",
            "@ondc/org/item_quantity": {
              "count": 1
            },
            "title": "Garam Masala",
            "@ondc/org/title_type": "item",
            "price": {
              "currency": "INR",
              "value": "59"
            },
            "item": {
              "quantity": {
                "available": {
                  "count": "501"
                },
                "maximum": {
                  "count": "9"
                }
              },
              "price": {
                "currency": "INR",
                "value": "59"
              },
              "tags": [
                {
                  "code": "type",
                  "list": [
                    {
                      "code": "type",
                      "value": "item"
                    }
                  ]
                }
              ]
            }
          },
          {
            "@ondc/org/item_id": "Fulfillment1",
            "title": "Delivery charges",
            "@ondc/org/title_type": "delivery",
            "price": {
              "currency": "INR",
              "value": "0"
            }
          }
        ],
        "ttl": "P1D"
      },
      "items": [
        {
          "id": "8c07bfa6-d758-4c3c-8c73-cb3edc674d35",
          "tags": [
            {
              "code": "type",
              "list": [
                {
                  "code": "type",
                  "value": "item"
                }
              ]
            }
          ],
          "fulfillment_id": "Fulfillment1"
        }
      ]
    }
  }
}