{
  "context": {
    "ttl": "PT30S",
    "city": "std:0172",
    "action": "on_status",
    "bap_id": "dev.workerunionsupport.com/api/ondc",
    "bpp_id": "dakshdepa.sumasoft.com",
    "domain": "ONDC:RET10",
    "bap_uri": "https://dev.workerunionsupport.com/api/ondc",
    "bpp_uri": "https://dakshdepa.sumasoft.com",
    "country": "IND",
    "timestamp": "2024-11-21T07:52:09.212Z",
    "message_id": "Msg20240821152120233911e3c8b",
    "core_version": "1.2.0",
    "transaction_id": "Tran20241121130444230c5ee82e8"
  },
  "message": {
    "order": {
      "provider": {
        "id": "ae27ede3-7162-47b2-8449-bd3bcf77f8b4",
        "locations": [
          {
            "id": "641599b84d433a4fbf8f40bb"
          }
        ]
      },
      "state": "Completed",
      "items": [
        {
          "id": "8c07bfa6-d758-4c3c-8c73-cb3edc674d35",
          "fulfillment_id": "Fulfillment1",
          "quantity": {
            "count": 1
          }
        }
      ],
      "billing": {
        "name": "",
        "address": {
          "name": "My House 123",
          "building": "My building name",
          "locality": "My Street name",
          "city": "Delhi",
          "state": "Delhi",
          "country": "IND",
          "area_code": "110056"
        },
        "email": "test@gmail.com",
        "phone": "7775002363",
        "created_at": "2024-11-21T07:34:44.230Z",
        "updated_at": "2024-11-21T07:34:44.230Z"
      },
      "fulfillments": [
        {
          "id": "f1",
          "@ondc/org/provider_name": "Suma Grocery",
          "state": {
            "descriptor": {
              "code": "Order-delivered"
            }
          },
          "type": "Delivery",
          "tracking": false,
          "start": {
            "location": {
              "id": "67286f362b26e244df6de9e4",
              "descriptor": {
                "name": "Suma Grocery"
              },
              "gps": "18.47564051812716,73.79687190055849",
              "address": {
                "building": "Westend Icon",
                "city": "Pune",
                "state": "Maharashtra",
                "country": "India",
                "area_code": "411058",
                "locality": "Warje Malwadi"
              }
            },
            "time": {
              "timestamp": "2024-11-21T07:50:02.539Z"
            },
            "contact": {
              "phone": "8840150565",
              "email": "null"
            }
          },
          "end": {
            "person": {
              "name": ""
            },
            "contact": {
              "phone": "8840150565",
              "email": "null"
            },
            "location": {
              "gps": "30.750455700395456,76.64175219098999",
              "address": {
                "name": "My House 123",
                "building": "My building name",
                "locality": "My Street name",
                "city": "Delhi",
                "state": "Delhi",
                "country": "IND",
                "area_code": "110056"
              }
            },
            "time": {
              "timestamp": "2024-11-21T07:52:05.510Z"
            }
          },
          "rateable": true
        }
      ],
      "quote": {
        "price": {
          "currency": "INR",
          "value": "59.0"
        },
        "ttl": "P1D",
        "breakup": [
          {
            "@ondc/org/item_id": "8c07bfa6-d758-4c3c-8c73-cb3edc674d35",
            "@ondc/org/item_quantity": {
              "count": 1
            },
            "title": "Garam Masala",
            "@ondc/org/title_type": "item",
            "price": {
              "currency": "INR",
              "value": "59.0"
            },
            "item": {
              "quantity": {
                "available": {
                  "count": "1"
                },
                "maximum": {
                  "count": "1"
                }
              },
              "price": {
                "currency": "INR",
                "value": "59.0"
              },
              "tags": [
                
              ]
            }
          },
          {
            "@ondc/org/item_id": "Fulfillment1",
            "@ondc/org/item_quantity": {
              "count": 0
            },
            "title": "Delivery charges",
            "@ondc/org/title_type": "delivery",
            "price": {
              "currency": "INR",
              "value": "0.0"
            }
          }
        ]
      },
      "payment": {
        "params": {
          "currency": null,
          "transaction_id": null,
          "amount": null
        },
        "uri": "https://ondc.transaction.com/payment",
        "tl_method": "http/get",
        "status": "NOT-PAID",
        "type": "ON-ORDER",
        "collected_by": "BPP",
        "@ondc/org/settlement_basis": "",
        "@ondc/org/settlement_window": "",
        "@ondc/org/withholding_amount": "",
        "@ondc/org/buyer_app_finder_fee_type": "percent",
        "@ondc/org/buyer_app_finder_fee_amount": "3",
        "@ondc/org/settlement_details": [
          {
            "settlement_counterparty": "seller-app",
            "settlement_phase": "sale-amount",
            "settlement_type": "neft",
            "beneficiary_name": "SumaSoft",
            "upi_address": "",
            "settlement_bank_account_no": "88800990099",
            "settlement_ifsc_code": "ICIC0001239",
            "bank_name": "SumaSoft International bank",
            "branch_name": "Aundh"
          }
        ]
      },
      "id": "ORDER202411211305091681f936860",
      "created_at": "2024-11-21T07:35:25.381Z",
      "updated_at": "2024-11-21T07:52:05.215Z",
      "documents": [
        {
          "url": "https://invoice_url",
          "label": "Invoice"
        }
      ]
    }
  }
}