{
  "context": {
    "bpp_uri": "https://dakshdepa.sumasoft.com",
    "bpp_id": "dakshdepa.sumasoft.com",
    "domain": "ONDC:RET10",
    "action": "select",
    "country": "IND",
    "city": "std:011",
    "core_version": "1.2.0",
    "bap_uri": "https://dev.workerunionsupport.com/api/ondc",
    "bap_id": "dev.workerunionsupport.com/api/ondc",
    "transaction_id": "Tran20241121130444230c5ee82e8",
    "message_id": "Msg20240821152120233911e3c8b",
    "timestamp": "2024-11-21T07:34:58.169944Z",
    "ttl": "PT30S"
  },
  "message": {
    "order": {
      "provider": {
        "id": "ae27ede3-7162-47b2-8449-bd3bcf77f8b4",
        "locations": [
          {
            "id": "66c596b315df298ac761f51e"
          }
        ]
      },
      "items": [
        {
          "id": "8c07bfa6-d758-4c3c-8c73-cb3edc674d35",
          "location_id": "66c596b315df298ac761f51e",
          "quantity": {
            "count": 1
          },
          "tags": [
            {
              "code": "type",
              "list": [
                {
                  "code": "type",
                  "value": "item"
                }
              ]
            }
          ]
        }
      ],
      "fulfillments": [
        {
          "end": {
            "location": {
              "address": {
                "area_code": "110056"
              },
              "gps": "28.679854,77.106771"
            }
          }
        }
      ]
    }
  }
}