{
    "context": {
      "domain": "ONDC:NTS10",
      "country": "IND",
      "city": "std:080",
      "action": "receiver_recon",
      "core_version": "1.0.0",
      "bap_id": "buyer-app-preprod-v2.ondc.org",
      "bap_uri": "https://buyer-app-preprod-v2.ondc.org/protocol/v1",
      "bpp_id": "krsigramaa.staging.zopsmart.com/ondc",
      "bpp_uri": "https://krsigramaa.staging.zopsmart.com/ondc",
      "transaction_id": "ae9c10d0-9e81-4eb6-be3a-a583c3d1bb08",
      "message_id": "751f440c-e2f3-4585-9d07-b357059151ff",
      "timestamp": "2023-12-05T10:59:59.472Z",
      "ttl": "P2D"
    },
    "message": {
      "orderbook": {
        "orders": [
          {
            "id": "2023-12-05-410011",
            "invoice_no": "2023/ABC/78901-2",
            "collector_app_id": "buyer-app-preprod-v2.ondc.org",
            "receiver_app_id": "krsigramaa.staging.zopsmart.com/ondc",
            "state": "Completed",
            "provider": {
              "name": {
                "name": "krsigramaa",
                "code": "5692eae837b7a1d2b7abd8e6bd251b51"
              },
              "address": "Yeswanthpur,Bengaluru"
            },
            "payment": {
              "uri": "https://juspay.in/",
              "tl_method": "http/get",
              "params": {
                "transaction_id": "8e7031e5-3dd0-4837-9297-ffb442b54515",
                "transaction_status": "PAID",
                "amount": "300",
                "currency": "INR"
              },
              "type": "ON-ORDER",
              "status": "PAID",
              "collected_by": "BAP",
              "@ondc/org/collected_by_status": "Assert",
              "@ondc/org/buyer_app_finder_fee_type": "Percent",
              "@ondc/org/buyer_app_finder_fee_amount": "3.0",
              "@ondc/org/withholding_amount": "",
              "@ondc/org/withholding_amount_status": "Assert",
              "@ondc/org/return_window": "",
              "@ondc/org/return_window_status": "Assert",
              "@ondc/org/settlement_basis": "",
              "@ondc/org/settlement_basis_status": "Assert",
              "@ondc/org/settlement_window": "",
              "@ondc/org/settlement_window_status": "Assert",
              "@ondc/org/settlement_details": [
                {
                  "settlement_counterparty": "seller-app",
                  "settlement_phase": "sale-amount",
                  "settlement_amount": "240",
                  "settlement_type": "upi",
                  "settlement_bank_account_no": "",
                  "settlement_ifsc_code": "",
                  "upi_address": "-",
                  "bank_name": "",
                  "branch_name": "",
                  "beneficiary_address": "Bangalore",
                  "beneficiary_name": "",
                  "settlement_status": "PAID",
                  "settlement_reference": "XbRpZa9uLiFKQW",
                  "settlement_timestamp": "2023-12-05T12:34:58.472Z"
                }
              ]
            },
            "withholding_tax_gst": {
              "currency": "INR",
              "value": "0"
            },
            "withholding_tax_tds": {
              "currency": "INR",
              "value": "10"
            },
            "deduction_by_collector": {
              "currency": "INR",
              "value": "30"
            },
            "payerdetails": {
              "payer_name": "Itemzoo company Pvt Ltd",
              "payer_address": "Bengaluru",
              "payer_account_no": "607535357353573",
              "payer_bank_code": "ICICI0001111",
              "payer_virtual_payment_address": "90xyz@xyzUm3m"
            },
            "settlement_reason_code": "01",
            "transaction_id": "ae9c10d0-9e81-4eb6-be3a-a583c3d1bb08",
            "settlement_id": "MiCpAf3uLkNQVB",
            "settlement_reference_no": "XbRpZa9uLiFKQW",
            "recon_status": "01",
            "order_recon_status": "01",
            "created_at": "2023-12-04T10:34:58.472Z",
            "updated_at": "2023-12-05T12:34:58.472Z"
          }
        ]
      }
    }
  }