{
  "context": {
    "domain": "ONDC:RET11",
    "country": "IND",
    "city": "std:080",
    "action": "on_search",
    "core_version": "1.2.0",
    "bap_id": "buyer-app-preprod-v2.ondc.org",
    "bap_uri": "https://buyer-app-preprod-v2.ondc.org/protocol/v1",
    "bpp_id": "extweb.oyeti.com/ecommerce/ondc",
    "bpp_uri": "https://extweb.oyeti.com/ecommerce/ondc/ecommerce/ondc",
    "transaction_id": "873f8fde-9dac-4683-a859-0474b1922867",
    "message_id": "c1cb8287-2ff4-4b0d-8ea3-cd543abe0447",
    "timestamp": "2024-02-08T03:48:34.550Z",
    "ttl": "PT30S"
  },
  "message": {
    "catalog": {
      "bpp/descriptor": {
        "code": "full",
        "name": "Oyeti",
        "symbol": "https://oyeti.com/images/np.png",
        "short_desc": "Oyeti",
        "long_desc": "Oyeti",
        "images": [
          "https://oyeti.com/images/np.png"
        ]
      },
      "bpp/fulfillments": [
        {
          "id": "1",
          "type": "Delivery"
        }
      ],
      "bpp/providers": [
        {
          "id": "1039535",
          "descriptor": {
            "name": "Nandyal Chefs",
            "symbol": "https://ttoyeti.s3.amazonaws.com/storeimages/production/1700465192-nandyal.jpeg",
            "short_desc": "Nandyal Chefs",
            "long_desc": "Nandyal Chefs",
            "images": [
              "https://ttoyeti.s3.amazonaws.com/storeimages/production/1700465192-nandyal.jpeg"
            ]
          },
          "@ondc/org/fssai_license_no": "11222334002362",
          "time": {
            "label": "enable",
            "timestamp": "2024-02-08T03:48:33.550Z"
          },
          "ttl": "P1D",
          "locations": [
            {
              "id": "378278",
              "gps": "12.9713073,77.5920295",
              "address": {
                "locality": "Nunegundlapalli, Ambedkar Veedhi",
                "street": "Bengaluru, Bangalore Division, Karnataka, India",
                "city": "Bengaluru",
                "area_code": "560001",
                "state": "Karnataka"
              },
              "circle": {
                "gps": "12.9713073,77.5920295",
                "radius": {
                  "unit": "km",
                  "value": "5"
                }
              },
              "time": {
                "label": "enable",
                "timestamp": "2024-02-08T03:48:33.550Z",
                "days": "1,2,3,4,5,6,7",
                "schedule": {
                  "holidays": [
                    
                  ],
                  "frequency": "PT4H",
                  "times": [
                    "0600",
                    "2356"
                  ]
                }
              }
            }
          ],
          "fulfillments": [
            {
              "id": "1",
              "type": "Delivery",
              "start": {
                "time": {
                  "range": {
                    "start": "0600",
                    "end": "2356"
                  }
                }
              },
              "contact": {
                "phone": "7893847511",
                "email": "venkateshmurapureddy@gmail.com"
              }
            }
          ],
          "categories": [
            {
              "id": "688081",
              "parent_category_id": "",
              "descriptor": {
                "name": "tea&coffee",
                "short_desc": "tea&coffee",
                "long_desc": "tea&coffee",
                "images": [
                  "https://ttoyetivideos.s3.amazonaws.com/packel_stage/22273/1690266700-Cavins%20Chocolate%20Milkshake%20Tetra%20Pack%20180%20Ml.jpg"
                ]
              },
              "tags": [
                {
                  "code": "timing",
                  "list": [
                    {
                      "code": "day_from",
                      "value": "1"
                    },
                    {
                      "code": "day_to",
                      "value": "7"
                    },
                    {
                      "code": "time_from",
                      "value": "0600"
                    },
                    {
                      "code": "time_to",
                      "value": "2356"
                    }
                  ]
                },
                {
                  "code": "type",
                  "list": [
                    {
                      "code": "type",
                      "value": "custom_menu"
                    }
                  ]
                },
                {
                  "code": "display",
                  "list": [
                    {
                      "code": "rank",
                      "value": "1"
                    }
                  ]
                }
              ]
            }
          ],
          "items": [
            {
              "id": "13691021",
              "time": {
                "label": "enable",
                "timestamp": "2024-02-08T03:48:33.550Z"
              },
              "parent_item_id": "",
              "descriptor": {
                "name": "Almond Filter Coffee",
                "symbol": "https://ttoyetivideos.s3.amazonaws.com/packel_stage/22273/1690266700-Cavins%20Chocolate%20Milkshake%20Tetra%20Pack%20180%20Ml.jpg",
                "short_desc": "Almond Filter Coffee",
                "long_desc": "Almond Filter Coffee",
                "images": [
                  "https://ttoyetivideos.s3.amazonaws.com/packel_stage/22273/1690266700-Cavins%20Chocolate%20Milkshake%20Tetra%20Pack%20180%20Ml.jpg"
                ]
              },
              "quantity": {
                "unitized": {
                  "measure": {
                    "unit": "unit",
                    "value": "1"
                  }
                },
                "available": {
                  "count": "99"
                },
                "maximum": {
                  "count": "99"
                }
              },
              "price": {
                "currency": "INR",
                "value": "200.0",
                "maximum_value": "200.0"
              },
              "category_ids": [
                "688081:1"
              ],
              "category_id": "F&B",
              "location_id": "378278",
              "fulfillment_id": "1",
              "@ondc/org/returnable": true,
              "@ondc/org/cancellable": true,
              "@ondc/org/return_window": "PT60M",
              "@ondc/org/available_on_cod": false,
              "@ondc/org/time_to_ship": "PT45M",
              "@ondc/org/seller_pickup_return": false,
              "@ondc/org/contact_details_consumer_care": "Venkateswara Reddy,venkateshmurapureddy@gmail.com,7893847511",
              "tags": [
                {
                  "code": "type",
                  "list": [
                    {
                      "code": "type",
                      "value": "item"
                    }
                  ]
                },
                {
                  "code": "veg_nonveg",
                  "list": [
                    {
                      "code": "veg",
                      "value": "yes"
                    }
                  ]
                }
              ]
            },
            {
              "id": "13691027",
              "time": {
                "label": "enable",
                "timestamp": "2024-02-08T03:48:33.550Z"
              },
              "parent_item_id": "",
              "descriptor": {
                "name": "Vikas Masala Tea",
                "symbol": "https://ttoyetivideos.s3.amazonaws.com/packel_stage/22273/1688181177-coffee.jpeg",
                "short_desc": "Vikas Masala Tea",
                "long_desc": "Vikas Masala Tea",
                "images": [
                  "https://ttoyetivideos.s3.amazonaws.com/packel_stage/22273/1688181177-coffee.jpeg"
                ]
              },
              "quantity": {
                "unitized": {
                  "measure": {
                    "unit": "unit",
                    "value": "1"
                  }
                },
                "available": {
                  "count": "99"
                },
                "maximum": {
                  "count": "99"
                }
              },
              "price": {
                "currency": "INR",
                "value": "50.0",
                "maximum_value": "50.0"
              },
              "category_ids": [
                "688081:2"
              ],
              "category_id": "F&B",
              "location_id": "378278",
              "fulfillment_id": "1",
              "@ondc/org/returnable": true,
              "@ondc/org/cancellable": true,
              "@ondc/org/return_window": "PT60M",
              "@ondc/org/available_on_cod": false,
              "@ondc/org/time_to_ship": "PT45M",
              "@ondc/org/seller_pickup_return": false,
              "@ondc/org/contact_details_consumer_care": "Venkateswara Reddy,venkateshmurapureddy@gmail.com,7893847511",
              "tags": [
                {
                  "code": "type",
                  "list": [
                    {
                      "code": "type",
                      "value": "item"
                    }
                  ]
                },
                {
                  "code": "veg_nonveg",
                  "list": [
                    {
                      "code": "veg",
                      "value": "yes"
                    }
                  ]
                }
              ]
            },
            {
              "id": "13691028",
              "time": {
                "label": "enable",
                "timestamp": "2024-02-08T03:48:33.550Z"
              },
              "parent_item_id": "",
              "descriptor": {
                "name": "Jaggu Cutting Tea",
                "symbol": "https://ttoyetivideos.s3.amazonaws.com/packel_stage/22273/1690265880-Golden%20Tips%20Jasmine%20Green%20Full%20Leaf%20Pyramid%20Tea%20Bags%2020%20Pcs.jpg",
                "short_desc": "Jaggu Cutting Tea",
                "long_desc": "Jaggu Cutting Tea",
                "images": [
                  "https://ttoyetivideos.s3.amazonaws.com/packel_stage/22273/1690265880-Golden%20Tips%20Jasmine%20Green%20Full%20Leaf%20Pyramid%20Tea%20Bags%2020%20Pcs.jpg"
                ]
              },
              "quantity": {
                "unitized": {
                  "measure": {
                    "unit": "unit",
                    "value": "1"
                  }
                },
                "available": {
                  "count": "99"
                },
                "maximum": {
                  "count": "99"
                }
              },
              "price": {
                "currency": "INR",
                "value": "50.0",
                "maximum_value": "50.0"
              },
              "category_ids": [
                "688081:3"
              ],
              "category_id": "F&B",
              "location_id": "378278",
              "fulfillment_id": "1",
              "@ondc/org/returnable": true,
              "@ondc/org/cancellable": true,
              "@ondc/org/return_window": "PT60M",
              "@ondc/org/available_on_cod": false,
              "@ondc/org/time_to_ship": "PT45M",
              "@ondc/org/seller_pickup_return": false,
              "@ondc/org/contact_details_consumer_care": "Venkateswara Reddy,venkateshmurapureddy@gmail.com,7893847511",
              "tags": [
                {
                  "code": "type",
                  "list": [
                    {
                      "code": "type",
                      "value": "item"
                    }
                  ]
                },
                {
                  "code": "veg_nonveg",
                  "list": [
                    {
                      "code": "veg",
                      "value": "yes"
                    }
                  ]
                }
              ]
            },
            {
              "id": "13691032",
              "time": {
                "label": "enable",
                "timestamp": "2024-02-08T03:48:33.550Z"
              },
              "parent_item_id": "",
              "descriptor": {
                "name": "Alphanso Shake",
                "symbol": "https://ttoyetivideos.s3.amazonaws.com/packel_stage/22273/1690266689-Cavins%20Chocolate%20Milkshake%20Tetra%20Pack%20180%20Ml.jpg",
                "short_desc": "Alphanso Shake",
                "long_desc": "Alphanso Shake",
                "images": [
                  "https://ttoyetivideos.s3.amazonaws.com/packel_stage/22273/1690266689-Cavins%20Chocolate%20Milkshake%20Tetra%20Pack%20180%20Ml.jpg"
                ]
              },
              "quantity": {
                "unitized": {
                  "measure": {
                    "unit": "unit",
                    "value": "1"
                  }
                },
                "available": {
                  "count": "99"
                },
                "maximum": {
                  "count": "99"
                }
              },
              "price": {
                "currency": "INR",
                "value": "139.0",
                "maximum_value": "139.0"
              },
              "category_ids": [
                "688081:4"
              ],
              "category_id": "F&B",
              "location_id": "378278",
              "fulfillment_id": "1",
              "@ondc/org/returnable": false,
              "@ondc/org/cancellable": false,
              "@ondc/org/return_window": "PT60M",
              "@ondc/org/available_on_cod": false,
              "@ondc/org/time_to_ship": "PT45M",
              "@ondc/org/seller_pickup_return": false,
              "@ondc/org/contact_details_consumer_care": "Venkateswara Reddy,venkateshmurapureddy@gmail.com,7893847511",
              "tags": [
                {
                  "code": "type",
                  "list": [
                    {
                      "code": "type",
                      "value": "item"
                    }
                  ]
                },
                {
                  "code": "veg_nonveg",
                  "list": [
                    {
                      "code": "veg",
                      "value": "yes"
                    }
                  ]
                }
              ]
            },
            {
              "id": "13691053",
              "time": {
                "label": "enable",
                "timestamp": "2024-02-08T03:48:33.550Z"
              },
              "parent_item_id": "",
              "descriptor": {
                "name": "Salted Caramel Shake",
                "symbol": "https://ttoyetivideos.s3.amazonaws.com/packel_stage/22273/1690266734-Hersheys%20Chocolate%20Milk%20Shake%20200%20Ml.jpg",
                "short_desc": "Salted Caramel Shake",
                "long_desc": "Salted Caramel Shake",
                "images": [
                  "https://ttoyetivideos.s3.amazonaws.com/packel_stage/22273/1690266734-Hersheys%20Chocolate%20Milk%20Shake%20200%20Ml.jpg"
                ]
              },
              "quantity": {
                "unitized": {
                  "measure": {
                    "unit": "unit",
                    "value": "1"
                  }
                },
                "available": {
                  "count": "99"
                },
                "maximum": {
                  "count": "99"
                }
              },
              "price": {
                "currency": "INR",
                "value": "200.0",
                "maximum_value": "200.0"
              },
              "category_ids": [
                "688081:5"
              ],
              "category_id": "F&B",
              "location_id": "378278",
              "fulfillment_id": "1",
              "@ondc/org/returnable": false,
              "@ondc/org/cancellable": false,
              "@ondc/org/return_window": "PT60M",
              "@ondc/org/available_on_cod": false,
              "@ondc/org/time_to_ship": "PT45M",
              "@ondc/org/seller_pickup_return": false,
              "@ondc/org/contact_details_consumer_care": "Venkateswara Reddy,venkateshmurapureddy@gmail.com,7893847511",
              "tags": [
                {
                  "code": "type",
                  "list": [
                    {
                      "code": "type",
                      "value": "item"
                    }
                  ]
                },
                {
                  "code": "veg_nonveg",
                  "list": [
                    {
                      "code": "veg",
                      "value": "yes"
                    }
                  ]
                }
              ]
            },
            {
              "id": "13691062",
              "time": {
                "label": "enable",
                "timestamp": "2024-02-08T03:48:33.550Z"
              },
              "parent_item_id": "",
              "descriptor": {
                "name": "Berry Blast Shake",
                "symbol": "https://ttoyetivideos.s3.amazonaws.com/packel_stage/22273/1690267134-Bru%20Instant%20Coffee%20Pouch%20100%20Gms.jpg",
                "short_desc": "Berry Blast Shake",
                "long_desc": "Berry Blast Shake",
                "images": [
                  "https://ttoyetivideos.s3.amazonaws.com/packel_stage/22273/1690267134-Bru%20Instant%20Coffee%20Pouch%20100%20Gms.jpg"
                ]
              },
              "quantity": {
                "unitized": {
                  "measure": {
                    "unit": "unit",
                    "value": "1"
                  }
                },
                "available": {
                  "count": "99"
                },
                "maximum": {
                  "count": "99"
                }
              },
              "price": {
                "currency": "INR",
                "value": "120.0",
                "maximum_value": "120.0"
              },
              "category_ids": [
                "688081:6"
              ],
              "category_id": "F&B",
              "location_id": "378278",
              "fulfillment_id": "1",
              "@ondc/org/returnable": false,
              "@ondc/org/cancellable": false,
              "@ondc/org/return_window": "PT60M",
              "@ondc/org/available_on_cod": false,
              "@ondc/org/time_to_ship": "PT45M",
              "@ondc/org/seller_pickup_return": false,
              "@ondc/org/contact_details_consumer_care": "Venkateswara Reddy,venkateshmurapureddy@gmail.com,7893847511",
              "tags": [
                {
                  "code": "type",
                  "list": [
                    {
                      "code": "type",
                      "value": "item"
                    }
                  ]
                },
                {
                  "code": "veg_nonveg",
                  "list": [
                    {
                      "code": "veg",
                      "value": "yes"
                    }
                  ]
                }
              ]
            },
            {
              "id": "13691066",
              "time": {
                "label": "enable",
                "timestamp": "2024-02-08T03:48:33.550Z"
              },
              "parent_item_id": "",
              "descriptor": {
                "name": "Strawberry Banana Shake",
                "symbol": "https://ttoyetivideos.s3.amazonaws.com/packel_stage/22273/1690266332-Nestle%20Coffee-mate%20Original%20Coffee%20Creamer%20Pack%20150%20Gms.jpg",
                "short_desc": "Strawberry Banana Shake",
                "long_desc": "Strawberry Banana Shake",
                "images": [
                  "https://ttoyetivideos.s3.amazonaws.com/packel_stage/22273/1690266332-Nestle%20Coffee-mate%20Original%20Coffee%20Creamer%20Pack%20150%20Gms.jpg"
                ]
              },
              "quantity": {
                "unitized": {
                  "measure": {
                    "unit": "unit",
                    "value": "1"
                  }
                },
                "available": {
                  "count": "99"
                },
                "maximum": {
                  "count": "99"
                }
              },
              "price": {
                "currency": "INR",
                "value": "119.0",
                "maximum_value": "119.0"
              },
              "category_ids": [
                "688081:7"
              ],
              "category_id": "F&B",
              "location_id": "378278",
              "fulfillment_id": "1",
              "@ondc/org/returnable": false,
              "@ondc/org/cancellable": false,
              "@ondc/org/return_window": "PT60M",
              "@ondc/org/available_on_cod": false,
              "@ondc/org/time_to_ship": "PT45M",
              "@ondc/org/seller_pickup_return": false,
              "@ondc/org/contact_details_consumer_care": "Venkateswara Reddy,venkateshmurapureddy@gmail.com,7893847511",
              "tags": [
                {
                  "code": "type",
                  "list": [
                    {
                      "code": "type",
                      "value": "item"
                    }
                  ]
                },
                {
                  "code": "veg_nonveg",
                  "list": [
                    {
                      "code": "veg",
                      "value": "yes"
                    }
                  ]
                }
              ]
            },
            {
              "id": "13691067",
              "time": {
                "label": "enable",
                "timestamp": "2024-02-08T03:48:33.550Z"
              },
              "parent_item_id": "",
              "descriptor": {
                "name": "Mango Bubble Pop Shake",
                "symbol": "https://ttoyetivideos.s3.amazonaws.com/packel_stage/22273/1690266413-Nespresso%20Livanto%20Coffee%20Capsules%2053%20Gms.jpg",
                "short_desc": "Mango Bubble Pop Shake",
                "long_desc": "Mango Bubble Pop Shake",
                "images": [
                  "https://ttoyetivideos.s3.amazonaws.com/packel_stage/22273/1690266413-Nespresso%20Livanto%20Coffee%20Capsules%2053%20Gms.jpg"
                ]
              },
              "quantity": {
                "unitized": {
                  "measure": {
                    "unit": "unit",
                    "value": "1"
                  }
                },
                "available": {
                  "count": "99"
                },
                "maximum": {
                  "count": "99"
                }
              },
              "price": {
                "currency": "INR",
                "value": "144.0",
                "maximum_value": "144.0"
              },
              "category_ids": [
                "688081:8"
              ],
              "category_id": "F&B",
              "location_id": "378278",
              "fulfillment_id": "1",
              "@ondc/org/returnable": false,
              "@ondc/org/cancellable": false,
              "@ondc/org/return_window": "PT60M",
              "@ondc/org/available_on_cod": false,
              "@ondc/org/time_to_ship": "PT45M",
              "@ondc/org/seller_pickup_return": false,
              "@ondc/org/contact_details_consumer_care": "Venkateswara Reddy,venkateshmurapureddy@gmail.com,7893847511",
              "tags": [
                {
                  "code": "type",
                  "list": [
                    {
                      "code": "type",
                      "value": "item"
                    }
                  ]
                },
                {
                  "code": "veg_nonveg",
                  "list": [
                    {
                      "code": "veg",
                      "value": "yes"
                    }
                  ]
                }
              ]
            },
            {
              "id": "13691071",
              "time": {
                "label": "enable",
                "timestamp": "2024-02-08T03:48:33.550Z"
              },
              "parent_item_id": "",
              "descriptor": {
                "name": "Venky Masala Tea",
                "symbol": "https://ttoyetivideos.s3.amazonaws.com/packel_stage/22273/1688181075-venkymug.jpg",
                "short_desc": "Venky Masala Tea",
                "long_desc": "Venky Masala Tea",
                "images": [
                  "https://ttoyetivideos.s3.amazonaws.com/packel_stage/22273/1688181075-venkymug.jpg"
                ]
              },
              "quantity": {
                "unitized": {
                  "measure": {
                    "unit": "unit",
                    "value": "1"
                  }
                },
                "available": {
                  "count": "99"
                },
                "maximum": {
                  "count": "99"
                }
              },
              "price": {
                "currency": "INR",
                "value": "200.0",
                "maximum_value": "200.0"
              },
              "category_ids": [
                "688081:9"
              ],
              "category_id": "F&B",
              "location_id": "378278",
              "fulfillment_id": "1",
              "@ondc/org/returnable": false,
              "@ondc/org/cancellable": false,
              "@ondc/org/return_window": "PT60M",
              "@ondc/org/available_on_cod": false,
              "@ondc/org/time_to_ship": "PT45M",
              "@ondc/org/seller_pickup_return": false,
              "@ondc/org/contact_details_consumer_care": "Venkateswara Reddy,venkateshmurapureddy@gmail.com,7893847511",
              "tags": [
                {
                  "code": "type",
                  "list": [
                    {
                      "code": "type",
                      "value": "item"
                    }
                  ]
                },
                {
                  "code": "veg_nonveg",
                  "list": [
                    {
                      "code": "veg",
                      "value": "yes"
                    }
                  ]
                }
              ]
            },
            {
              "id": "13691083",
              "time": {
                "label": "enable",
                "timestamp": "2024-02-08T03:48:33.550Z"
              },
              "parent_item_id": "",
              "descriptor": {
                "name": "Nandyal Blue Tea",
                "symbol": "https://ttoyetivideos.s3.amazonaws.com/packel_stage/22273/1688180970-coffee.jpeg",
                "short_desc": "Nandyal Blue Tea",
                "long_desc": "Nandyal Blue Tea",
                "images": [
                  "https://ttoyetivideos.s3.amazonaws.com/packel_stage/22273/1688180970-coffee.jpeg"
                ]
              },
              "quantity": {
                "unitized": {
                  "measure": {
                    "unit": "unit",
                    "value": "1"
                  }
                },
                "available": {
                  "count": "99"
                },
                "maximum": {
                  "count": "99"
                }
              },
              "price": {
                "currency": "INR",
                "value": "300.0",
                "maximum_value": "300.0"
              },
              "category_ids": [
                "688081:10"
              ],
              "category_id": "F&B",
              "location_id": "378278",
              "fulfillment_id": "1",
              "@ondc/org/returnable": true,
              "@ondc/org/cancellable": true,
              "@ondc/org/return_window": "PT60M",
              "@ondc/org/available_on_cod": false,
              "@ondc/org/time_to_ship": "PT45M",
              "@ondc/org/seller_pickup_return": false,
              "@ondc/org/contact_details_consumer_care": "Venkateswara Reddy,venkateshmurapureddy@gmail.com,7893847511",
              "tags": [
                {
                  "code": "type",
                  "list": [
                    {
                      "code": "type",
                      "value": "item"
                    }
                  ]
                },
                {
                  "code": "veg_nonveg",
                  "list": [
                    {
                      "code": "veg",
                      "value": "yes"
                    }
                  ]
                }
              ]
            },
            {
              "id": "13691084",
              "time": {
                "label": "enable",
                "timestamp": "2024-02-08T03:48:33.550Z"
              },
              "parent_item_id": "",
              "descriptor": {
                "name": "Lemon Tea",
                "symbol": "https://ttoyetivideos.s3.amazonaws.com/packel_stage/9484/1651125791-maxresdefault.jpg",
                "short_desc": "Lemon Tea",
                "long_desc": "Lemon Tea",
                "images": [
                  "https://ttoyetivideos.s3.amazonaws.com/packel_stage/9484/1651125791-maxresdefault.jpg"
                ]
              },
              "quantity": {
                "unitized": {
                  "measure": {
                    "unit": "unit",
                    "value": "1"
                  }
                },
                "available": {
                  "count": "99"
                },
                "maximum": {
                  "count": "99"
                }
              },
              "price": {
                "currency": "INR",
                "value": "100.0",
                "maximum_value": "100.0"
              },
              "category_ids": [
                "688081:11"
              ],
              "category_id": "F&B",
              "location_id": "378278",
              "fulfillment_id": "1",
              "@ondc/org/returnable": true,
              "@ondc/org/cancellable": true,
              "@ondc/org/return_window": "PT60M",
              "@ondc/org/available_on_cod": false,
              "@ondc/org/time_to_ship": "PT45M",
              "@ondc/org/seller_pickup_return": false,
              "@ondc/org/contact_details_consumer_care": "Venkateswara Reddy,venkateshmurapureddy@gmail.com,7893847511",
              "tags": [
                {
                  "code": "type",
                  "list": [
                    {
                      "code": "type",
                      "value": "item"
                    }
                  ]
                },
                {
                  "code": "veg_nonveg",
                  "list": [
                    {
                      "code": "veg",
                      "value": "yes"
                    }
                  ]
                }
              ]
            }
          ],
          "tags": [
            {
              "code": "order_value",
              "list": [
                {
                  "code": "currency",
                  "value": "INR"
                },
                {
                  "code": "min_value",
                  "value": "200.0"
                }
              ]
            },
            {
              "code": "store_timing",
              "list": [
                {
                  "code": "location",
                  "value": "378278"
                },
                {
                  "code": "day_from",
                  "value": "1"
                },
                {
                  "code": "day_to",
                  "value": "7"
                },
                {
                  "code": "time_from",
                  "value": "0600"
                },
                {
                  "code": "time_to",
                  "value": "2356"
                }
              ]
            },
            {
              "code": "serviceability",
              "list": [
                {
                  "code": "location",
                  "value": "378278"
                },
                {
                  "code": "category",
                  "value": "F&B"
                },
                {
                  "code": "type",
                  "value": "10"
                },
                {
                  "code": "val",
                  "value": "5"
                },
                {
                  "code": "unit",
                  "value": "km"
                }
              ]
            }
          ]
        }
      ]
    }
  }
}