{
  "context": {
    "domain": "ONDC:RET11",
    "country": "IND",
    "city": "*",
    "action": "on_search",
    "core_version": "1.2.0",
    "bap_id": "buyer-app-preprod-v2.ondc.org",
    "bap_uri": "https://buyer-app-preprod-v2.ondc.org/protocol/v1",
    "bpp_id": "extweb.oyeti.com/ecommerce/ondc",
    "bpp_uri": "https://extweb.oyeti.com/ecommerce/ondc/ecommerce/ondc",
    "transaction_id": "488e9304-a1c4-41f8-83b8-25457054fef1",
    "message_id": "5d10dca5-5a72-4efd-b41a-1e08b83aea26",
    "timestamp": "2024-02-08T03:52:35.150Z",
    "ttl": "PT30S"
  },
  "message": {
    "catalog": {
      "bpp/providers": [
        {
          "id": "1039535",
          "categories": [
            {
              "id": "688081",
              "parent_category_id": "",
              "descriptor": {
                "name": "tea&coffee",
                "short_desc": "tea&coffee",
                "long_desc": "tea&coffee",
                "images": [
                  "https://ttoyetivideos.s3.amazonaws.com/packel_stage/22273/1690266700-Cavins%20Chocolate%20Milkshake%20Tetra%20Pack%20180%20Ml.jpg"
                ]
              },
              "tags": [
                {
                  "code": "timing",
                  "list": [
                    {
                      "code": "day_from",
                      "value": "1"
                    },
                    {
                      "code": "day_to",
                      "value": "7"
                    },
                    {
                      "code": "time_from",
                      "value": "0600"
                    },
                    {
                      "code": "time_to",
                      "value": "2356"
                    }
                  ]
                },
                {
                  "code": "type",
                  "list": [
                    {
                      "code": "type",
                      "value": "custom_menu"
                    }
                  ]
                },
                {
                  "code": "display",
                  "list": [
                    {
                      "code": "rank",
                      "value": "1"
                    }
                  ]
                }
              ]
            }
          ],
          "items": [
            {
              "id": "13691071",
              "time": {
                "label": "enable",
                "timestamp": "2024-02-08T03:52:35.000Z"
              },
              "parent_item_id": "",
              "descriptor": {
                "name": "Venky Masala Tea",
                "symbol": "https://ttoyetivideos.s3.amazonaws.com/packel_stage/22273/1688181075-venkymug.jpg",
                "short_desc": "Venky Masala Tea",
                "long_desc": "Venky Masala Tea",
                "images": [
                  "https://ttoyetivideos.s3.amazonaws.com/packel_stage/22273/1688181075-venkymug.jpg"
                ]
              },
              "quantity": {
                "unitized": {
                  "measure": {
                    "unit": "unit",
                    "value": "1"
                  }
                },
                "available": {
                  "count": "99"
                },
                "maximum": {
                  "count": "99"
                }
              },
              "price": {
                "currency": "INR",
                "value": "200.0",
                "maximum_value": "200.0"
              },
              "category_ids": [
                "688081:9"
              ],
              "category_id": "F&B",
              "location_id": "378278",
              "fulfillment_id": "1",
              "@ondc/org/returnable": true,
              "@ondc/org/cancellable": true,
              "@ondc/org/return_window": "PT60M",
              "@ondc/org/available_on_cod": false,
              "@ondc/org/time_to_ship": "PT45M",
              "@ondc/org/seller_pickup_return": false,
              "@ondc/org/contact_details_consumer_care": "Venkateswara Reddy,venkateshmurapureddy@gmail.com,7893847511",
              "tags": [
                {
                  "code": "type",
                  "list": [
                    {
                      "code": "type",
                      "value": "item"
                    }
                  ]
                },
                {
                  "code": "veg_nonveg",
                  "list": [
                    {
                      "code": "veg",
                      "value": "yes"
                    }
                  ]
                }
              ]
            },
            {
              "id": "13691084",
              "time": {
                "label": "enable",
                "timestamp": "2024-02-08T03:52:35.000Z"
              },
              "parent_item_id": "",
              "descriptor": {
                "name": "Lemon Tea",
                "symbol": "https://ttoyetivideos.s3.amazonaws.com/packel_stage/9484/1651125791-maxresdefault.jpg",
                "short_desc": "Lemon Tea",
                "long_desc": "Lemon Tea",
                "images": [
                  "https://ttoyetivideos.s3.amazonaws.com/packel_stage/9484/1651125791-maxresdefault.jpg"
                ]
              },
              "quantity": {
                "unitized": {
                  "measure": {
                    "unit": "unit",
                    "value": "1"
                  }
                },
                "available": {
                  "count": "99"
                },
                "maximum": {
                  "count": "99"
                }
              },
              "price": {
                "currency": "INR",
                "value": "100.0",
                "maximum_value": "100.0"
              },
              "category_ids": [
                "688081:11"
              ],
              "category_id": "F&B",
              "location_id": "378278",
              "fulfillment_id": "1",
              "@ondc/org/returnable": true,
              "@ondc/org/cancellable": true,
              "@ondc/org/return_window": "PT60M",
              "@ondc/org/available_on_cod": false,
              "@ondc/org/time_to_ship": "PT45M",
              "@ondc/org/seller_pickup_return": false,
              "@ondc/org/contact_details_consumer_care": "Venkateswara Reddy,venkateshmurapureddy@gmail.com,7893847511",
              "tags": [
                {
                  "code": "type",
                  "list": [
                    {
                      "code": "type",
                      "value": "item"
                    }
                  ]
                },
                {
                  "code": "veg_nonveg",
                  "list": [
                    {
                      "code": "veg",
                      "value": "yes"
                    }
                  ]
                }
              ]
            }
          ]
        }
      ]
    }
  }
}