{
  "context": {
    "domain": "ONDC:RET11",
    "country": "IND",
    "city": "*",
    "action": "on_search",
    "core_version": "1.2.0",
    "bap_id": "buyer-app-preprod-v2.ondc.org",
    "bap_uri": "https://buyer-app-preprod-v2.ondc.org/protocol/v1",
    "bpp_id": "extweb.oyeti.com/ecommerce/ondc",
    "bpp_uri": "https://extweb.oyeti.com/ecommerce/ondc/ecommerce/ondc",
    "transaction_id": "674fd725-ce60-4ac7-9845-6ea94ed618b1",
    "message_id": "9422153e-844b-4b90-9697-2e7ed143f26c",
    "timestamp": "2024-02-09T16:20:42.600Z",
    "ttl": "PT30S"
  },
  "message": {
    "catalog": {
      "bpp/providers": [
        {
          "id": "1039535",
          "locations": [
            {
              "id": "378278",
              "time": {
                "label": "disable",
                "timestamp": "2024-02-09T19:00:00.000Z"
              }
            }
          ],
        }
      ]
    }
  }
}