{
  "context": {
    "domain": "ONDC:RET11",
    "country": "IND",
    "city": "*",
    "action": "on_search",
    "core_version": "1.2.0",
    "bap_id": "buyer-app-preprod-v2.ondc.org",
    "bap_uri": "https://buyer-app-preprod-v2.ondc.org/protocol/v1",
    "bpp_id": "extweb.oyeti.com/ecommerce/ondc",
    "bpp_uri": "https://extweb.oyeti.com/ecommerce/ondc/ecommerce/ondc",
    "transaction_id": "b70e1d07-c359-4349-bfe3-6e8f15d49dc8",
    "message_id": "15f05100-63bb-445a-9a8c-b54bfb81e502",
    "timestamp": "2024-02-09T17:10:40.600Z",
    "ttl": "PT30S"
  },
  "message": {
    "catalog": {
      "bpp/providers": [
        {
          "id": "1039535",
          "time": {
            "label": "disable",
            "timestamp": "2024-02-09T18:00:00.000Z"
          }
        }
      ]
    }
  }
}