{
  "context": {
    "domain": "ONDC:RET11",
    "country": "IND",
    "city": "*",
    "action": "on_search",
    "core_version": "1.2.0",
    "bap_id": "buyer-app-preprod-v2.ondc.org",
    "bap_uri": "https://buyer-app-preprod-v2.ondc.org/protocol/v1",
    "bpp_id": "extweb.oyeti.com/ecommerce/ondc",
    "bpp_uri": "https://extweb.oyeti.com/ecommerce/ondc/ecommerce/ondc",
    "transaction_id": "aa87eb4b-1257-4f86-a0b4-527830c746e3",
    "message_id": "ce1afa8c-96ce-4ee2-8cd3-b98e7119db34",
    "timestamp": "2024-02-09T16:15:40.600Z",
    "ttl": "PT30S"
  },
  "message": {
    "catalog": {
      "bpp/providers": [
        {
          "id": "1039535",
          "locations": [
            {
              "id": "378278",
              "time": {
                "label": "open",
                "timestamp": "2024-02-09T16:15:40.600Z"
              }
            }
          ],
        }
      ]
    }
  }
}