{
  "context": {
    "domain": "ONDC:RET11",
    "country": "IND",
    "city": "*",
    "action": "on_search",
    "core_version": "1.2.0",
    "bap_id": "buyer-app-preprod-v2.ondc.org",
    "bap_uri": "https://buyer-app-preprod-v2.ondc.org/protocol/v1",
    "bpp_id": "extweb.oyeti.com/ecommerce/ondc",
    "bpp_uri": "https://extweb.oyeti.com/ecommerce/ondc/ecommerce/ondc",
    "transaction_id": "40a74e49-59fc-48e5-a02d-a45a303ee4fa",
    "message_id": "9c0b2401-03ad-424e-b95d-48b269cb9329",
    "timestamp": "2024-02-09T16:10:42.600Z",
    "ttl": "PT30S"
  },
  "message": {
    "catalog": {
      "bpp/providers": [
        {
          "id": "1039535",
          "locations": [
            {
              "id": "378278",
              "time": {
                "label": "close",
                "timestamp": "2024-02-09T16:10:42.600Z",
                "range":
                {
                  "start": "2024-02-09T18:00:00.000Z",
                  "end": "2024-02-09T23:59:00.000Z"
                }
              }
            }
          ],
        }
      ]
    }
  }
}