{
  "context": {
    "domain": "ONDC:RET11",
    "action": "search",
    "country": "IND",
    "city": "std:080",
    "core_version": "1.2.0",
    "bap_id": "buyer-app-preprod-v2.ondc.org",
    "bap_uri": "https://buyer-app-preprod-v2.ondc.org/protocol/v1",
    "transaction_id": "873f8fde-9dac-4683-a859-0474b1922867",
    "message_id": "c1cb8287-2ff4-4b0d-8ea3-cd543abe0447",
    "timestamp": "2024-02-08T03:48:33.650Z",
    "ttl": "PT30S"
  },
  "message": {
    "intent": {
      "fulfillment": {
        "type": "Delivery"
      },
      "payment": {
        "@ondc/org/buyer_app_finder_fee_type": "percent",
        "@ondc/org/buyer_app_finder_fee_amount": "3"
      }
    }
  }
}