{
  "context": {
    "domain": "ONDC:RET11",
    "action": "search",
    "country": "IND",
    "city": "*",
    "core_version": "1.2.0",
    "bap_id": "buyer-app-preprod-v2.ondc.org",
    "bap_uri": "https://buyer-app-preprod-v2.ondc.org/protocol/v1",
    "transaction_id": "488e9304-a1c4-41f8-83b8-25457054fef1",
    "message_id": "5d10dca5-5a72-4efd-b41a-1e08b83aea26",
    "timestamp": "2024-02-08T03:52:34.550Z",
    "ttl": "PT30S"
  },
  "message": {
    "intent": {
      "fulfillment": {
        "type": "Delivery"
      },
      "payment": {
        "@ondc/org/buyer_app_finder_fee_type": "percent",
        "@ondc/org/buyer_app_finder_fee_amount": "3"
      },
      "tags": [
        {
          "code": "catalog_inc",
          "list": [
            {
              "code": "start_time",
              "value": "2024-02-08T02:52:34.550Z"
            },
            {
              "code": "end_time",
              "value": "2024-02-08T03:52:34.550Z"
            }
          ]
        }
      ]
    }
  }
}